DriverNumber,BroadcastName,TeamName,Position,Q1,Q2,Q3,Year,EventName,WetSession
33,M VERSTAPPEN,Red Bull Racing,1.0,0 days 00:01:30.499000,0 days 00:01:30.318000,0 days 00:01:28.997000,2021,Bahrain Grand Prix,False
44,L HAMILTON,Mercedes,2.0,0 days 00:01:30.617000,0 days 00:01:30.085000,0 days 00:01:29.385000,2021,Bahrain Grand Prix,False
77,V BOTTAS,Mercedes,3.0,0 days 00:01:31.200000,0 days 00:01:30.186000,0 days 00:01:29.586000,2021,Bahrain Grand Prix,False
16,C LECLERC,Ferrari,4.0,0 days 00:01:30.691000,0 days 00:01:30.010000,0 days 00:01:29.678000,2021,Bahrain Grand Prix,False
10,P GASLY,AlphaTauri,5.0,0 days 00:01:30.848000,0 days 00:01:30.513000,0 days 00:01:29.809000,2021,Bahrain Grand Prix,False
3,D RICCIARDO,McLaren,6.0,0 days 00:01:30.795000,0 days 00:01:30.222000,0 days 00:01:29.927000,2021,Bahrain Grand Prix,False
4,L NORRIS,McLaren,7.0,0 days 00:01:30.902000,0 days 00:01:30.099000,0 days 00:01:29.974000,2021,Bahrain Grand Prix,False
55,C SAINZ,Ferrari,8.0,0 days 00:01:31.653000,0 days 00:01:30.009000,0 days 00:01:30.215000,2021,Bahrain Grand Prix,False
14,F ALONSO,Alpine,9.0,0 days 00:01:30.863000,0 days 00:01:30.595000,0 days 00:01:30.249000,2021,Bahrain Grand Prix,False
18,L STROLL,Aston Martin,10.0,0 days 00:01:31.261000,0 days 00:01:30.624000,0 days 00:01:30.601000,2021,Bahrain Grand Prix,False
11,S PEREZ,Red Bull Racing,11.0,0 days 00:01:31.165000,0 days 00:01:30.659000,,2021,Bahrain Grand Prix,False
99,A GIOVINAZZI,Alfa Romeo Racing,12.0,0 days 00:01:30.998000,0 days 00:01:30.708000,,2021,Bahrain Grand Prix,False
22,Y TSUNODA,AlphaTauri,13.0,0 days 00:01:30.607000,0 days 00:01:31.203000,,2021,Bahrain Grand Prix,False
7,K RAIKKONEN,Alfa Romeo Racing,14.0,0 days 00:01:31.547000,0 days 00:01:31.238000,,2021,Bahrain Grand Prix,False
63,G RUSSELL,Williams,15.0,0 days 00:01:31.316000,0 days 00:01:33.430000,,2021,Bahrain Grand Prix,False
31,E OCON,Alpine,16.0,0 days 00:01:31.724000,,,2021,Bahrain Grand Prix,False
6,N LATIFI,Williams,17.0,0 days 00:01:31.936000,,,2021,Bahrain Grand Prix,False
5,S VETTEL,Aston Martin,18.0,0 days 00:01:32.056000,,,2021,Bahrain Grand Prix,False
47,M SCHUMACHER,Haas F1 Team,19.0,0 days 00:01:32.449000,,,2021,Bahrain Grand Prix,False
9,N MAZEPIN,Haas F1 Team,20.0,0 days 00:01:33.273000,,,2021,Bahrain Grand Prix,False
44,L HAMILTON,Mercedes,1.0,0 days 00:01:14.823000,0 days 00:01:14.817000,0 days 00:01:14.411000,2021,Emilia Romagna Grand Prix,False
11,S PEREZ,Red Bull Racing,2.0,0 days 00:01:15.395000,0 days 00:01:14.716000,0 days 00:01:14.446000,2021,Emilia Romagna Grand Prix,False
33,M VERSTAPPEN,Red Bull Racing,3.0,0 days 00:01:15.109000,0 days 00:01:14.884000,0 days 00:01:14.498000,2021,Emilia Romagna Grand Prix,False
16,C LECLERC,Ferrari,4.0,0 days 00:01:15.413000,0 days 00:01:14.808000,0 days 00:01:14.740000,2021,Emilia Romagna Grand Prix,False
10,P GASLY,AlphaTauri,5.0,0 days 00:01:15.548000,0 days 00:01:14.927000,0 days 00:01:14.790000,2021,Emilia Romagna Grand Prix,False
3,D RICCIARDO,McLaren,6.0,0 days 00:01:15.669000,0 days 00:01:15.033000,0 days 00:01:14.826000,2021,Emilia Romagna Grand Prix,False
4,L NORRIS,McLaren,7.0,0 days 00:01:15.009000,0 days 00:01:14.718000,0 days 00:01:14.875000,2021,Emilia Romagna Grand Prix,False
77,V BOTTAS,Mercedes,8.0,0 days 00:01:14.672000,0 days 00:01:14.905000,0 days 00:01:14.898000,2021,Emilia Romagna Grand Prix,False
31,E OCON,Alpine,9.0,0 days 00:01:15.385000,0 days 00:01:15.117000,0 days 00:01:15.210000,2021,Emilia Romagna Grand Prix,False
18,L STROLL,Aston Martin,10.0,0 days 00:01:15.522000,0 days 00:01:15.138000,,2021,Emilia Romagna Grand Prix,False
55,C SAINZ,Ferrari,11.0,0 days 00:01:15.406000,0 days 00:01:15.199000,,2021,Emilia Romagna Grand Prix,False
63,G RUSSELL,Williams,12.0,0 days 00:01:15.826000,0 days 00:01:15.261000,,2021,Emilia Romagna Grand Prix,False
5,S VETTEL,Aston Martin,13.0,0 days 00:01:15.459000,0 days 00:01:15.394000,,2021,Emilia Romagna Grand Prix,False
6,N LATIFI,Williams,14.0,0 days 00:01:15.653000,0 days 00:01:15.593000,,2021,Emilia Romagna Grand Prix,False
14,F ALONSO,Alpine,15.0,0 days 00:01:15.832000,0 days 00:01:15.593000,,2021,Emilia Romagna Grand Prix,False
7,K RAIKKONEN,Alfa Romeo Racing,16.0,0 days 00:01:15.974000,,,2021,Emilia Romagna Grand Prix,False
99,A GIOVINAZZI,Alfa Romeo Racing,17.0,0 days 00:01:16.122000,,,2021,Emilia Romagna Grand Prix,False
47,M SCHUMACHER,Haas F1 Team,18.0,0 days 00:01:16.279000,,,2021,Emilia Romagna Grand Prix,False
9,N MAZEPIN,Haas F1 Team,19.0,0 days 00:01:16.797000,,,2021,Emilia Romagna Grand Prix,False
22,Y TSUNODA,AlphaTauri,20.0,,,,2021,Emilia Romagna Grand Prix,False
77,V BOTTAS,Mercedes,1.0,0 days 00:01:18.722000,0 days 00:01:18.458000,0 days 00:01:18.348000,2021,Portuguese Grand Prix,False
44,L HAMILTON,Mercedes,2.0,0 days 00:01:18.857000,0 days 00:01:17.968000,0 days 00:01:18.355000,2021,Portuguese Grand Prix,False
33,M VERSTAPPEN,Red Bull Racing,3.0,0 days 00:01:19.485000,0 days 00:01:18.650000,0 days 00:01:18.746000,2021,Portuguese Grand Prix,False
11,S PEREZ,Red Bull Racing,4.0,0 days 00:01:19.337000,0 days 00:01:18.845000,0 days 00:01:18.890000,2021,Portuguese Grand Prix,False
55,C SAINZ,Ferrari,5.0,0 days 00:01:19.309000,0 days 00:01:18.813000,0 days 00:01:19.039000,2021,Portuguese Grand Prix,False
31,E OCON,Alpine,6.0,0 days 00:01:19.092000,0 days 00:01:18.586000,0 days 00:01:19.042000,2021,Portuguese Grand Prix,False
4,L NORRIS,McLaren,7.0,0 days 00:01:18.794000,0 days 00:01:18.481000,0 days 00:01:19.116000,2021,Portuguese Grand Prix,False
16,C LECLERC,Ferrari,8.0,0 days 00:01:19.373000,0 days 00:01:18.769000,0 days 00:01:19.306000,2021,Portuguese Grand Prix,False
10,P GASLY,AlphaTauri,9.0,0 days 00:01:19.464000,0 days 00:01:19.052000,0 days 00:01:19.475000,2021,Portuguese Grand Prix,False
5,S VETTEL,Aston Martin,10.0,0 days 00:01:19.403000,0 days 00:01:18.970000,0 days 00:01:19.659000,2021,Portuguese Grand Prix,False
63,G RUSSELL,Williams,11.0,0 days 00:01:19.797000,0 days 00:01:19.109000,,2021,Portuguese Grand Prix,False
99,A GIOVINAZZI,Alfa Romeo Racing,12.0,0 days 00:01:19.410000,0 days 00:01:19.216000,,2021,Portuguese Grand Prix,False
14,F ALONSO,Alpine,13.0,0 days 00:01:19.728000,0 days 00:01:19.456000,,2021,Portuguese Grand Prix,False
22,Y TSUNODA,AlphaTauri,14.0,0 days 00:01:19.684000,0 days 00:01:19.463000,,2021,Portuguese Grand Prix,False
7,K RAIKKONEN,Alfa Romeo Racing,15.0,0 days 00:01:19.748000,0 days 00:01:19.812000,,2021,Portuguese Grand Prix,False
3,D RICCIARDO,McLaren,16.0,0 days 00:01:19.839000,,,2021,Portuguese Grand Prix,False
18,L STROLL,Aston Martin,17.0,0 days 00:01:19.913000,,,2021,Portuguese Grand Prix,False
6,N LATIFI,Williams,18.0,0 days 00:01:20.285000,,,2021,Portuguese Grand Prix,False
47,M SCHUMACHER,Haas F1 Team,19.0,0 days 00:01:20.452000,,,2021,Portuguese Grand Prix,False
9,N MAZEPIN,Haas F1 Team,20.0,0 days 00:01:20.912000,,,2021,Portuguese Grand Prix,False
44,L HAMILTON,Mercedes,1.0,0 days 00:01:18.245000,0 days 00:01:17.166000,0 days 00:01:16.741000,2021,Spanish Grand Prix,False
33,M VERSTAPPEN,Red Bull Racing,2.0,0 days 00:01:18.090000,0 days 00:01:16.922000,0 days 00:01:16.777000,2021,Spanish Grand Prix,False
77,V BOTTAS,Mercedes,3.0,0 days 00:01:18.005000,0 days 00:01:17.142000,0 days 00:01:16.873000,2021,Spanish Grand Prix,False
16,C LECLERC,Ferrari,4.0,0 days 00:01:18.041000,0 days 00:01:17.717000,0 days 00:01:17.510000,2021,Spanish Grand Prix,False
31,E OCON,Alpine,5.0,0 days 00:01:18.281000,0 days 00:01:17.743000,0 days 00:01:17.580000,2021,Spanish Grand Prix,False
55,C SAINZ,Ferrari,6.0,0 days 00:01:18.205000,0 days 00:01:17.656000,0 days 00:01:17.620000,2021,Spanish Grand Prix,False
3,D RICCIARDO,McLaren,7.0,0 days 00:01:18.264000,0 days 00:01:17.719000,0 days 00:01:17.622000,2021,Spanish Grand Prix,False
11,S PEREZ,Red Bull Racing,8.0,0 days 00:01:18.203000,0 days 00:01:17.669000,0 days 00:01:17.701000,2021,Spanish Grand Prix,False
4,L NORRIS,McLaren,9.0,0 days 00:01:17.821000,0 days 00:01:17.696000,0 days 00:01:18.010000,2021,Spanish Grand Prix,False
14,F ALONSO,Alpine,10.0,0 days 00:01:18.281000,0 days 00:01:17.966000,0 days 00:01:18.147000,2021,Spanish Grand Prix,False
18,L STROLL,Aston Martin,11.0,0 days 00:01:18.241000,0 days 00:01:17.974000,,2021,Spanish Grand Prix,False
10,P GASLY,AlphaTauri,12.0,0 days 00:01:18.190000,0 days 00:01:17.982000,,2021,Spanish Grand Prix,False
5,S VETTEL,Aston Martin,13.0,0 days 00:01:18.289000,0 days 00:01:18.079000,,2021,Spanish Grand Prix,False
99,A GIOVINAZZI,Alfa Romeo Racing,14.0,0 days 00:01:18.549000,0 days 00:01:18.356000,,2021,Spanish Grand Prix,False
63,G RUSSELL,Williams,15.0,0 days 00:01:18.445000,0 days 00:01:19.154000,,2021,Spanish Grand Prix,False
22,Y TSUNODA,AlphaTauri,16.0,0 days 00:01:18.556000,,,2021,Spanish Grand Prix,False
7,K RAIKKONEN,Alfa Romeo Racing,17.0,0 days 00:01:18.917000,,,2021,Spanish Grand Prix,False
47,M SCHUMACHER,Haas F1 Team,18.0,0 days 00:01:19.117000,,,2021,Spanish Grand Prix,False
6,N LATIFI,Williams,19.0,0 days 00:01:19.219000,,,2021,Spanish Grand Prix,False
9,N MAZEPIN,Haas F1 Team,20.0,0 days 00:01:19.807000,,,2021,Spanish Grand Prix,False
16,C LECLERC,Ferrari,1.0,0 days 00:01:11.113000,0 days 00:01:10.597000,0 days 00:01:10.346000,2021,Monaco Grand Prix,False
33,M VERSTAPPEN,Red Bull Racing,2.0,0 days 00:01:11.124000,0 days 00:01:10.650000,0 days 00:01:10.576000,2021,Monaco Grand Prix,False
77,V BOTTAS,Mercedes,3.0,0 days 00:01:10.938000,0 days 00:01:10.695000,0 days 00:01:10.601000,2021,Monaco Grand Prix,False
55,C SAINZ,Ferrari,4.0,0 days 00:01:11.324000,0 days 00:01:10.806000,0 days 00:01:10.611000,2021,Monaco Grand Prix,False
4,L NORRIS,McLaren,5.0,0 days 00:01:11.321000,0 days 00:01:11.031000,0 days 00:01:10.620000,2021,Monaco Grand Prix,False
10,P GASLY,AlphaTauri,6.0,0 days 00:01:11.560000,0 days 00:01:11.179000,0 days 00:01:10.900000,2021,Monaco Grand Prix,False
44,L HAMILTON,Mercedes,7.0,0 days 00:01:11.622000,0 days 00:01:11.116000,0 days 00:01:11.095000,2021,Monaco Grand Prix,False
5,S VETTEL,Aston Martin,8.0,0 days 00:01:12.078000,0 days 00:01:11.309000,0 days 00:01:11.419000,2021,Monaco Grand Prix,False
11,S PEREZ,Red Bull Racing,9.0,0 days 00:01:11.644000,0 days 00:01:11.019000,0 days 00:01:11.573000,2021,Monaco Grand Prix,False
99,A GIOVINAZZI,Alfa Romeo Racing,10.0,0 days 00:01:11.658000,0 days 00:01:11.409000,0 days 00:01:11.779000,2021,Monaco Grand Prix,False
31,E OCON,Alpine,11.0,0 days 00:01:11.740000,0 days 00:01:11.486000,,2021,Monaco Grand Prix,False
3,D RICCIARDO,McLaren,12.0,0 days 00:01:11.747000,0 days 00:01:11.598000,,2021,Monaco Grand Prix,False
18,L STROLL,Aston Martin,13.0,0 days 00:01:11.979000,0 days 00:01:11.600000,,2021,Monaco Grand Prix,False
7,K RAIKKONEN,Alfa Romeo Racing,14.0,0 days 00:01:11.899000,0 days 00:01:11.642000,,2021,Monaco Grand Prix,False
63,G RUSSELL,Williams,15.0,0 days 00:01:12.016000,0 days 00:01:11.830000,,2021,Monaco Grand Prix,False
22,Y TSUNODA,AlphaTauri,16.0,0 days 00:01:12.096000,,,2021,Monaco Grand Prix,False
14,F ALONSO,Alpine,17.0,0 days 00:01:12.205000,,,2021,Monaco Grand Prix,False
6,N LATIFI,Williams,18.0,0 days 00:01:12.366000,,,2021,Monaco Grand Prix,False
9,N MAZEPIN,Haas F1 Team,19.0,0 days 00:01:12.958000,,,2021,Monaco Grand Prix,False
47,M SCHUMACHER,Haas F1 Team,,,,,2021,Monaco Grand Prix,False
16,C LECLERC,Ferrari,1.0,0 days 00:01:42.241000,0 days 00:01:41.659000,0 days 00:01:41.218000,2021,Azerbaijan Grand Prix,False
44,L HAMILTON,Mercedes,2.0,0 days 00:01:41.545000,0 days 00:01:41.634000,0 days 00:01:41.450000,2021,Azerbaijan Grand Prix,False
33,M VERSTAPPEN,Red Bull Racing,3.0,0 days 00:01:41.760000,0 days 00:01:41.625000,0 days 00:01:41.563000,2021,Azerbaijan Grand Prix,False
10,P GASLY,AlphaTauri,4.0,0 days 00:01:42.288000,0 days 00:01:41.932000,0 days 00:01:41.565000,2021,Azerbaijan Grand Prix,False
55,C SAINZ,Ferrari,5.0,0 days 00:01:42.121000,0 days 00:01:41.740000,0 days 00:01:41.576000,2021,Azerbaijan Grand Prix,False
4,L NORRIS,McLaren,6.0,0 days 00:01:42.167000,0 days 00:01:41.813000,0 days 00:01:41.747000,2021,Azerbaijan Grand Prix,False
11,S PEREZ,Red Bull Racing,7.0,0 days 00:01:41.968000,0 days 00:01:41.630000,0 days 00:01:41.917000,2021,Azerbaijan Grand Prix,False
22,Y TSUNODA,AlphaTauri,8.0,0 days 00:01:42.521000,0 days 00:01:41.654000,0 days 00:01:42.211000,2021,Azerbaijan Grand Prix,False
14,F ALONSO,Alpine,9.0,0 days 00:01:42.934000,0 days 00:01:42.195000,0 days 00:01:42.327000,2021,Azerbaijan Grand Prix,False
77,V BOTTAS,Mercedes,10.0,0 days 00:01:42.701000,0 days 00:01:42.106000,0 days 00:01:42.659000,2021,Azerbaijan Grand Prix,False
5,S VETTEL,Aston Martin,11.0,0 days 00:01:42.460000,0 days 00:01:42.224000,,2021,Azerbaijan Grand Prix,False
31,E OCON,Alpine,12.0,0 days 00:01:42.426000,0 days 00:01:42.273000,,2021,Azerbaijan Grand Prix,False
3,D RICCIARDO,McLaren,13.0,0 days 00:01:42.304000,0 days 00:01:42.558000,,2021,Azerbaijan Grand Prix,False
7,K RAIKKONEN,Alfa Romeo Racing,14.0,0 days 00:01:42.923000,0 days 00:01:42.587000,,2021,Azerbaijan Grand Prix,False
63,G RUSSELL,Williams,15.0,0 days 00:01:42.728000,0 days 00:01:42.758000,,2021,Azerbaijan Grand Prix,False
6,N LATIFI,Williams,16.0,0 days 00:01:43.128000,,,2021,Azerbaijan Grand Prix,False
47,M SCHUMACHER,Haas F1 Team,17.0,0 days 00:01:44.158000,,,2021,Azerbaijan Grand Prix,False
9,N MAZEPIN,Haas F1 Team,18.0,0 days 00:01:44.238000,,,2021,Azerbaijan Grand Prix,False
18,L STROLL,Aston Martin,19.0,,,,2021,Azerbaijan Grand Prix,False
99,A GIOVINAZZI,Alfa Romeo Racing,20.0,,,,2021,Azerbaijan Grand Prix,False
33,M VERSTAPPEN,Red Bull Racing,1.0,0 days 00:01:31.001000,0 days 00:01:31.080000,0 days 00:01:29.990000,2021,French Grand Prix,False
44,L HAMILTON,Mercedes,2.0,0 days 00:01:31.237000,0 days 00:01:30.788000,0 days 00:01:30.248000,2021,French Grand Prix,False
77,V BOTTAS,Mercedes,3.0,0 days 00:01:31.669000,0 days 00:01:30.735000,0 days 00:01:30.376000,2021,French Grand Prix,False
11,S PEREZ,Red Bull Racing,4.0,0 days 00:01:31.560000,0 days 00:01:30.971000,0 days 00:01:30.445000,2021,French Grand Prix,False
55,C SAINZ,Ferrari,5.0,0 days 00:01:32.079000,0 days 00:01:31.146000,0 days 00:01:30.840000,2021,French Grand Prix,False
10,P GASLY,AlphaTauri,6.0,0 days 00:01:31.898000,0 days 00:01:31.353000,0 days 00:01:30.868000,2021,French Grand Prix,False
16,C LECLERC,Ferrari,7.0,0 days 00:01:32.209000,0 days 00:01:31.567000,0 days 00:01:30.987000,2021,French Grand Prix,False
4,L NORRIS,McLaren,8.0,0 days 00:01:31.733000,0 days 00:01:31.542000,0 days 00:01:31.252000,2021,French Grand Prix,False
14,F ALONSO,Alpine,9.0,0 days 00:01:32.158000,0 days 00:01:31.549000,0 days 00:01:31.340000,2021,French Grand Prix,False
3,D RICCIARDO,McLaren,10.0,0 days 00:01:32.181000,0 days 00:01:31.615000,0 days 00:01:31.382000,2021,French Grand Prix,False
31,E OCON,Alpine,11.0,0 days 00:01:32.139000,0 days 00:01:31.736000,,2021,French Grand Prix,False
5,S VETTEL,Aston Martin,12.0,0 days 00:01:32.132000,0 days 00:01:31.767000,,2021,French Grand Prix,False
99,A GIOVINAZZI,Alfa Romeo Racing,13.0,0 days 00:01:32.722000,0 days 00:01:31.813000,,2021,French Grand Prix,False
63,G RUSSELL,Williams,14.0,0 days 00:01:33.060000,0 days 00:01:32.065000,,2021,French Grand Prix,False
47,M SCHUMACHER,Haas F1 Team,15.0,0 days 00:01:32.942000,,,2021,French Grand Prix,False
6,N LATIFI,Williams,16.0,0 days 00:01:33.062000,,,2021,French Grand Prix,False
7,K RAIKKONEN,Alfa Romeo Racing,17.0,0 days 00:01:33.354000,,,2021,French Grand Prix,False
9,N MAZEPIN,Haas F1 Team,18.0,0 days 00:01:33.554000,,,2021,French Grand Prix,False
18,L STROLL,Aston Martin,19.0,,,,2021,French Grand Prix,False
22,Y TSUNODA,AlphaTauri,20.0,,,,2021,French Grand Prix,False
33,M VERSTAPPEN,Red Bull Racing,1.0,0 days 00:01:04.489000,0 days 00:01:04.433000,0 days 00:01:03.841000,2021,Styrian Grand Prix,False
77,V BOTTAS,Mercedes,2.0,0 days 00:01:04.537000,0 days 00:01:04.443000,0 days 00:01:04.035000,2021,Styrian Grand Prix,False
44,L HAMILTON,Mercedes,3.0,0 days 00:01:04.672000,0 days 00:01:04.512000,0 days 00:01:04.067000,2021,Styrian Grand Prix,False
4,L NORRIS,McLaren,4.0,0 days 00:01:04.584000,0 days 00:01:04.298000,0 days 00:01:04.120000,2021,Styrian Grand Prix,False
11,S PEREZ,Red Bull Racing,5.0,0 days 00:01:04.638000,0 days 00:01:04.197000,0 days 00:01:04.168000,2021,Styrian Grand Prix,False
10,P GASLY,AlphaTauri,6.0,0 days 00:01:04.765000,0 days 00:01:04.429000,0 days 00:01:04.236000,2021,Styrian Grand Prix,False
16,C LECLERC,Ferrari,7.0,0 days 00:01:04.745000,0 days 00:01:04.646000,0 days 00:01:04.472000,2021,Styrian Grand Prix,False
22,Y TSUNODA,AlphaTauri,8.0,0 days 00:01:04.608000,0 days 00:01:04.631000,0 days 00:01:04.514000,2021,Styrian Grand Prix,False
14,F ALONSO,Alpine,9.0,0 days 00:01:04.971000,0 days 00:01:04.582000,0 days 00:01:04.574000,2021,Styrian Grand Prix,False
18,L STROLL,Aston Martin,10.0,0 days 00:01:04.821000,0 days 00:01:04.663000,0 days 00:01:04.708000,2021,Styrian Grand Prix,False
63,G RUSSELL,Williams,11.0,0 days 00:01:05.033000,0 days 00:01:04.671000,,2021,Styrian Grand Prix,False
55,C SAINZ,Ferrari,12.0,0 days 00:01:04.859000,0 days 00:01:04.800000,,2021,Styrian Grand Prix,False
3,D RICCIARDO,McLaren,13.0,0 days 00:01:05.142000,0 days 00:01:04.808000,,2021,Styrian Grand Prix,False
5,S VETTEL,Aston Martin,14.0,0 days 00:01:05.051000,0 days 00:01:04.875000,,2021,Styrian Grand Prix,False
99,A GIOVINAZZI,Alfa Romeo Racing,15.0,0 days 00:01:05.092000,0 days 00:01:04.913000,,2021,Styrian Grand Prix,False
6,N LATIFI,Williams,16.0,0 days 00:01:05.175000,,,2021,Styrian Grand Prix,False
31,E OCON,Alpine,17.0,0 days 00:01:05.217000,,,2021,Styrian Grand Prix,False
7,K RAIKKONEN,Alfa Romeo Racing,18.0,0 days 00:01:05.429000,,,2021,Styrian Grand Prix,False
47,M SCHUMACHER,Haas F1 Team,19.0,0 days 00:01:06.041000,,,2021,Styrian Grand Prix,False
9,N MAZEPIN,Haas F1 Team,20.0,0 days 00:01:06.192000,,,2021,Styrian Grand Prix,False
33,M VERSTAPPEN,Red Bull Racing,1.0,0 days 00:01:04.249000,0 days 00:01:03.927000,0 days 00:01:03.720000,2021,Austrian Grand Prix,False
4,L NORRIS,McLaren,2.0,0 days 00:01:04.345000,0 days 00:01:04.415000,0 days 00:01:03.768000,2021,Austrian Grand Prix,False
11,S PEREZ,Red Bull Racing,3.0,0 days 00:01:04.833000,0 days 00:01:04.483000,0 days 00:01:03.990000,2021,Austrian Grand Prix,False
44,L HAMILTON,Mercedes,4.0,0 days 00:01:04.506000,0 days 00:01:04.258000,0 days 00:01:04.014000,2021,Austrian Grand Prix,False
77,V BOTTAS,Mercedes,5.0,0 days 00:01:04.563000,0 days 00:01:04.376000,0 days 00:01:04.049000,2021,Austrian Grand Prix,False
10,P GASLY,AlphaTauri,6.0,0 days 00:01:04.841000,0 days 00:01:04.412000,0 days 00:01:04.107000,2021,Austrian Grand Prix,False
22,Y TSUNODA,AlphaTauri,7.0,0 days 00:01:04.967000,0 days 00:01:04.518000,0 days 00:01:04.273000,2021,Austrian Grand Prix,False
5,S VETTEL,Aston Martin,8.0,0 days 00:01:04.846000,0 days 00:01:04.493000,0 days 00:01:04.570000,2021,Austrian Grand Prix,False
63,G RUSSELL,Williams,9.0,0 days 00:01:04.907000,0 days 00:01:04.553000,0 days 00:01:04.591000,2021,Austrian Grand Prix,False
18,L STROLL,Aston Martin,10.0,0 days 00:01:04.927000,0 days 00:01:04.547000,0 days 00:01:04.618000,2021,Austrian Grand Prix,False
55,C SAINZ,Ferrari,11.0,0 days 00:01:04.596000,0 days 00:01:04.559000,,2021,Austrian Grand Prix,False
16,C LECLERC,Ferrari,12.0,0 days 00:01:04.906000,0 days 00:01:04.600000,,2021,Austrian Grand Prix,False
3,D RICCIARDO,McLaren,13.0,0 days 00:01:04.977000,0 days 00:01:04.719000,,2021,Austrian Grand Prix,False
14,F ALONSO,Alpine,14.0,0 days 00:01:04.472000,0 days 00:01:04.856000,,2021,Austrian Grand Prix,False
99,A GIOVINAZZI,Alfa Romeo Racing,15.0,0 days 00:01:04.782000,0 days 00:01:05.083000,,2021,Austrian Grand Prix,False
7,K RAIKKONEN,Alfa Romeo Racing,16.0,0 days 00:01:05.009000,,,2021,Austrian Grand Prix,False
31,E OCON,Alpine,17.0,0 days 00:01:05.051000,,,2021,Austrian Grand Prix,False
6,N LATIFI,Williams,18.0,0 days 00:01:05.195000,,,2021,Austrian Grand Prix,False
47,M SCHUMACHER,Haas F1 Team,19.0,0 days 00:01:05.427000,,,2021,Austrian Grand Prix,False
9,N MAZEPIN,Haas F1 Team,20.0,0 days 00:01:05.951000,,,2021,Austrian Grand Prix,False
44,L HAMILTON,Mercedes,1.0,0 days 00:01:26.786000,0 days 00:01:26.023000,0 days 00:01:26.134000,2021,British Grand Prix,False
33,M VERSTAPPEN,Red Bull Racing,2.0,0 days 00:01:26.751000,0 days 00:01:26.315000,0 days 00:01:26.209000,2021,British Grand Prix,False
77,V BOTTAS,Mercedes,3.0,0 days 00:01:27.487000,0 days 00:01:26.764000,0 days 00:01:26.328000,2021,British Grand Prix,False
16,C LECLERC,Ferrari,4.0,0 days 00:01:27.051000,0 days 00:01:26.919000,0 days 00:01:26.828000,2021,British Grand Prix,False
11,S PEREZ,Red Bull Racing,5.0,0 days 00:01:27.121000,0 days 00:01:27.073000,0 days 00:01:26.844000,2021,British Grand Prix,False
4,L NORRIS,McLaren,6.0,0 days 00:01:27.444000,0 days 00:01:27.220000,0 days 00:01:26.897000,2021,British Grand Prix,False
3,D RICCIARDO,McLaren,7.0,0 days 00:01:27.323000,0 days 00:01:27.125000,0 days 00:01:26.899000,2021,British Grand Prix,False
63,G RUSSELL,Williams,8.0,0 days 00:01:27.671000,0 days 00:01:27.080000,0 days 00:01:26.971000,2021,British Grand Prix,False
55,C SAINZ,Ferrari,9.0,0 days 00:01:27.337000,0 days 00:01:26.848000,0 days 00:01:27.007000,2021,British Grand Prix,False
5,S VETTEL,Aston Martin,10.0,0 days 00:01:27.493000,0 days 00:01:27.103000,0 days 00:01:27.179000,2021,British Grand Prix,False
14,F ALONSO,Alpine,11.0,0 days 00:01:27.580000,0 days 00:01:27.245000,,2021,British Grand Prix,False
10,P GASLY,AlphaTauri,12.0,0 days 00:01:27.600000,0 days 00:01:27.273000,,2021,British Grand Prix,False
31,E OCON,Alpine,13.0,0 days 00:01:27.415000,0 days 00:01:27.340000,,2021,British Grand Prix,False
99,A GIOVINAZZI,Alfa Romeo Racing,14.0,0 days 00:01:27.595000,0 days 00:01:27.617000,,2021,British Grand Prix,False
18,L STROLL,Aston Martin,15.0,0 days 00:01:28.017000,0 days 00:01:27.665000,,2021,British Grand Prix,False
22,Y TSUNODA,AlphaTauri,16.0,0 days 00:01:28.043000,,,2021,British Grand Prix,False
7,K RAIKKONEN,Alfa Romeo Racing,17.0,0 days 00:01:28.062000,,,2021,British Grand Prix,False
6,N LATIFI,Williams,18.0,0 days 00:01:28.254000,,,2021,British Grand Prix,False
47,M SCHUMACHER,Haas F1 Team,19.0,0 days 00:01:28.738000,,,2021,British Grand Prix,False
9,N MAZEPIN,Haas F1 Team,20.0,0 days 00:01:29.051000,,,2021,British Grand Prix,False
44,L HAMILTON,Mercedes,1.0,0 days 00:01:16.424000,0 days 00:01:16.553000,0 days 00:01:15.419000,2021,Hungarian Grand Prix,False
77,V BOTTAS,Mercedes,2.0,0 days 00:01:16.569000,0 days 00:01:16.702000,0 days 00:01:15.734000,2021,Hungarian Grand Prix,False
33,M VERSTAPPEN,Red Bull Racing,3.0,0 days 00:01:16.214000,0 days 00:01:15.650000,0 days 00:01:15.840000,2021,Hungarian Grand Prix,False
11,S PEREZ,Red Bull Racing,4.0,0 days 00:01:17.233000,0 days 00:01:16.443000,0 days 00:01:16.421000,2021,Hungarian Grand Prix,False
10,P GASLY,AlphaTauri,5.0,0 days 00:01:16.874000,0 days 00:01:16.394000,0 days 00:01:16.483000,2021,Hungarian Grand Prix,False
4,L NORRIS,McLaren,6.0,0 days 00:01:17.081000,0 days 00:01:16.385000,0 days 00:01:16.489000,2021,Hungarian Grand Prix,False
16,C LECLERC,Ferrari,7.0,0 days 00:01:17.084000,0 days 00:01:16.574000,0 days 00:01:16.496000,2021,Hungarian Grand Prix,False
31,E OCON,Alpine,8.0,0 days 00:01:17.367000,0 days 00:01:16.766000,0 days 00:01:16.653000,2021,Hungarian Grand Prix,False
14,F ALONSO,Alpine,9.0,0 days 00:01:17.123000,0 days 00:01:16.541000,0 days 00:01:16.715000,2021,Hungarian Grand Prix,False
5,S VETTEL,Aston Martin,10.0,0 days 00:01:17.105000,0 days 00:01:16.794000,0 days 00:01:16.750000,2021,Hungarian Grand Prix,False
3,D RICCIARDO,McLaren,11.0,0 days 00:01:17.664000,0 days 00:01:16.871000,,2021,Hungarian Grand Prix,False
18,L STROLL,Aston Martin,12.0,0 days 00:01:17.038000,0 days 00:01:16.893000,,2021,Hungarian Grand Prix,False
7,K RAIKKONEN,Alfa Romeo Racing,13.0,0 days 00:01:17.553000,0 days 00:01:17.564000,,2021,Hungarian Grand Prix,False
99,A GIOVINAZZI,Alfa Romeo Racing,14.0,0 days 00:01:17.776000,0 days 00:01:17.583000,,2021,Hungarian Grand Prix,False
55,C SAINZ,Ferrari,15.0,0 days 00:01:16.649000,,,2021,Hungarian Grand Prix,False
22,Y TSUNODA,AlphaTauri,16.0,0 days 00:01:17.919000,,,2021,Hungarian Grand Prix,False
63,G RUSSELL,Williams,17.0,0 days 00:01:17.944000,,,2021,Hungarian Grand Prix,False
6,N LATIFI,Williams,18.0,0 days 00:01:18.036000,,,2021,Hungarian Grand Prix,False
9,N MAZEPIN,Haas F1 Team,19.0,0 days 00:01:18.922000,,,2021,Hungarian Grand Prix,False
47,M SCHUMACHER,Haas F1 Team,20.0,,,,2021,Hungarian Grand Prix,False
33,M VERSTAPPEN,Red Bull Racing,1.0,0 days 00:01:58.717000,0 days 00:01:56.559000,0 days 00:01:59.765000,2021,Belgian Grand Prix,False
63,G RUSSELL,Williams,2.0,0 days 00:01:59.864000,0 days 00:01:56.950000,0 days 00:02:00.086000,2021,Belgian Grand Prix,False
44,L HAMILTON,Mercedes,3.0,0 days 00:01:59.218000,0 days 00:01:56.229000,0 days 00:02:00.099000,2021,Belgian Grand Prix,False
3,D RICCIARDO,McLaren,4.0,0 days 00:02:01.583000,0 days 00:01:57.127000,0 days 00:02:00.864000,2021,Belgian Grand Prix,False
5,S VETTEL,Aston Martin,5.0,0 days 00:02:00.175000,0 days 00:01:56.814000,0 days 00:02:00.935000,2021,Belgian Grand Prix,False
10,P GASLY,AlphaTauri,6.0,0 days 00:02:00.387000,0 days 00:01:56.440000,0 days 00:02:01.164000,2021,Belgian Grand Prix,False
11,S PEREZ,Red Bull Racing,7.0,0 days 00:01:59.334000,0 days 00:01:56.886000,0 days 00:02:02.112000,2021,Belgian Grand Prix,False
77,V BOTTAS,Mercedes,8.0,0 days 00:01:59.870000,0 days 00:01:56.295000,0 days 00:02:02.502000,2021,Belgian Grand Prix,False
31,E OCON,Alpine,9.0,0 days 00:02:01.824000,0 days 00:01:57.354000,0 days 00:02:03.513000,2021,Belgian Grand Prix,False
4,L NORRIS,McLaren,10.0,0 days 00:01:58.301000,0 days 00:01:56.025000,,2021,Belgian Grand Prix,False
16,C LECLERC,Ferrari,11.0,0 days 00:02:00.728000,0 days 00:01:57.721000,,2021,Belgian Grand Prix,False
6,N LATIFI,Williams,12.0,0 days 00:02:00.966000,0 days 00:01:58.056000,,2021,Belgian Grand Prix,False
55,C SAINZ,Ferrari,13.0,0 days 00:02:01.184000,0 days 00:01:58.137000,,2021,Belgian Grand Prix,False
14,F ALONSO,Alpine,14.0,0 days 00:02:01.653000,0 days 00:01:58.205000,,2021,Belgian Grand Prix,False
18,L STROLL,Aston Martin,15.0,0 days 00:02:01.597000,0 days 00:01:58.231000,,2021,Belgian Grand Prix,False
99,A GIOVINAZZI,Alfa Romeo Racing,16.0,0 days 00:02:02.306000,,,2021,Belgian Grand Prix,False
22,Y TSUNODA,AlphaTauri,17.0,0 days 00:02:02.413000,,,2021,Belgian Grand Prix,False
47,M SCHUMACHER,Haas F1 Team,18.0,0 days 00:02:03.973000,,,2021,Belgian Grand Prix,False
7,K RAIKKONEN,Alfa Romeo Racing,19.0,0 days 00:02:04.452000,,,2021,Belgian Grand Prix,False
9,N MAZEPIN,Haas F1 Team,20.0,0 days 00:02:04.939000,,,2021,Belgian Grand Prix,False
33,M VERSTAPPEN,Red Bull Racing,1.0,0 days 00:01:10.036000,0 days 00:01:09.071000,0 days 00:01:08.885000,2021,Dutch Grand Prix,False
44,L HAMILTON,Mercedes,2.0,0 days 00:01:10.114000,0 days 00:01:09.726000,0 days 00:01:08.923000,2021,Dutch Grand Prix,False
77,V BOTTAS,Mercedes,3.0,0 days 00:01:10.219000,0 days 00:01:09.769000,0 days 00:01:09.222000,2021,Dutch Grand Prix,False
10,P GASLY,AlphaTauri,4.0,0 days 00:01:10.274000,0 days 00:01:09.541000,0 days 00:01:09.478000,2021,Dutch Grand Prix,False
16,C LECLERC,Ferrari,5.0,0 days 00:01:09.829000,0 days 00:01:09.437000,0 days 00:01:09.527000,2021,Dutch Grand Prix,False
55,C SAINZ,Ferrari,6.0,0 days 00:01:10.022000,0 days 00:01:09.870000,0 days 00:01:09.537000,2021,Dutch Grand Prix,False
99,A GIOVINAZZI,Alfa Romeo Racing,7.0,0 days 00:01:10.050000,0 days 00:01:10.033000,0 days 00:01:09.590000,2021,Dutch Grand Prix,False
31,E OCON,Alpine,8.0,0 days 00:01:10.179000,0 days 00:01:09.919000,0 days 00:01:09.933000,2021,Dutch Grand Prix,False
14,F ALONSO,Alpine,9.0,0 days 00:01:10.435000,0 days 00:01:10.020000,0 days 00:01:09.956000,2021,Dutch Grand Prix,False
3,D RICCIARDO,McLaren,10.0,0 days 00:01:10.255000,0 days 00:01:09.865000,0 days 00:01:10.166000,2021,Dutch Grand Prix,False
63,G RUSSELL,Williams,11.0,0 days 00:01:10.382000,0 days 00:01:10.332000,,2021,Dutch Grand Prix,False
18,L STROLL,Aston Martin,12.0,0 days 00:01:10.438000,0 days 00:01:10.367000,,2021,Dutch Grand Prix,False
4,L NORRIS,McLaren,13.0,0 days 00:01:10.489000,0 days 00:01:10.406000,,2021,Dutch Grand Prix,False
6,N LATIFI,Williams,14.0,0 days 00:01:10.093000,0 days 00:01:11.161000,,2021,Dutch Grand Prix,False
22,Y TSUNODA,AlphaTauri,15.0,0 days 00:01:10.462000,0 days 00:01:11.314000,,2021,Dutch Grand Prix,False
11,S PEREZ,Red Bull Racing,16.0,0 days 00:01:10.530000,,,2021,Dutch Grand Prix,False
5,S VETTEL,Aston Martin,17.0,0 days 00:01:10.731000,,,2021,Dutch Grand Prix,False
88,R KUBICA,Alfa Romeo Racing,18.0,0 days 00:01:11.301000,,,2021,Dutch Grand Prix,False
47,M SCHUMACHER,Haas F1 Team,19.0,0 days 00:01:11.387000,,,2021,Dutch Grand Prix,False
9,N MAZEPIN,Haas F1 Team,20.0,0 days 00:01:11.875000,,,2021,Dutch Grand Prix,False
77,V BOTTAS,Mercedes,1.0,0 days 00:01:20.685000,0 days 00:01:20.032000,0 days 00:01:19.555000,2021,Italian Grand Prix,False
44,L HAMILTON,Mercedes,2.0,0 days 00:01:20.543000,0 days 00:01:19.936000,0 days 00:01:19.651000,2021,Italian Grand Prix,False
33,M VERSTAPPEN,Red Bull Racing,3.0,0 days 00:01:21.035000,0 days 00:01:20.229000,0 days 00:01:19.966000,2021,Italian Grand Prix,False
4,L NORRIS,McLaren,4.0,0 days 00:01:20.916000,0 days 00:01:20.059000,0 days 00:01:19.989000,2021,Italian Grand Prix,False
3,D RICCIARDO,McLaren,5.0,0 days 00:01:21.292000,0 days 00:01:20.435000,0 days 00:01:19.995000,2021,Italian Grand Prix,False
10,P GASLY,AlphaTauri,6.0,0 days 00:01:21.440000,0 days 00:01:20.556000,0 days 00:01:20.260000,2021,Italian Grand Prix,False
55,C SAINZ,Ferrari,7.0,0 days 00:01:21.118000,0 days 00:01:20.750000,0 days 00:01:20.462000,2021,Italian Grand Prix,False
16,C LECLERC,Ferrari,8.0,0 days 00:01:21.219000,0 days 00:01:20.767000,0 days 00:01:20.510000,2021,Italian Grand Prix,False
11,S PEREZ,Red Bull Racing,9.0,0 days 00:01:21.308000,0 days 00:01:20.882000,0 days 00:01:20.611000,2021,Italian Grand Prix,False
99,A GIOVINAZZI,Alfa Romeo Racing,10.0,0 days 00:01:21.197000,0 days 00:01:20.726000,0 days 00:01:20.808000,2021,Italian Grand Prix,False
5,S VETTEL,Aston Martin,11.0,0 days 00:01:21.394000,0 days 00:01:20.913000,,2021,Italian Grand Prix,False
18,L STROLL,Aston Martin,12.0,0 days 00:01:21.415000,0 days 00:01:21.020000,,2021,Italian Grand Prix,False
14,F ALONSO,Alpine,13.0,0 days 00:01:21.487000,0 days 00:01:21.069000,,2021,Italian Grand Prix,False
31,E OCON,Alpine,14.0,0 days 00:01:21.500000,0 days 00:01:21.103000,,2021,Italian Grand Prix,False
63,G RUSSELL,Williams,15.0,0 days 00:01:21.890000,0 days 00:01:21.392000,,2021,Italian Grand Prix,False
6,N LATIFI,Williams,16.0,0 days 00:01:21.925000,,,2021,Italian Grand Prix,False
22,Y TSUNODA,AlphaTauri,17.0,0 days 00:01:21.973000,,,2021,Italian Grand Prix,False
47,M SCHUMACHER,Haas F1 Team,18.0,0 days 00:01:22.248000,,,2021,Italian Grand Prix,False
88,R KUBICA,Alfa Romeo Racing,19.0,0 days 00:01:22.530000,,,2021,Italian Grand Prix,False
9,N MAZEPIN,Haas F1 Team,20.0,0 days 00:01:22.716000,,,2021,Italian Grand Prix,False
4,L NORRIS,McLaren,1.0,0 days 00:01:47.238000,0 days 00:01:45.827000,0 days 00:01:41.993000,2021,Russian Grand Prix,False
55,C SAINZ,Ferrari,2.0,0 days 00:01:47.924000,0 days 00:01:46.521000,0 days 00:01:42.510000,2021,Russian Grand Prix,False
63,G RUSSELL,Williams,3.0,0 days 00:01:48.303000,0 days 00:01:46.435000,0 days 00:01:42.983000,2021,Russian Grand Prix,False
44,L HAMILTON,Mercedes,4.0,0 days 00:01:45.992000,0 days 00:01:45.129000,0 days 00:01:44.050000,2021,Russian Grand Prix,False
3,D RICCIARDO,McLaren,5.0,0 days 00:01:48.345000,0 days 00:01:46.361000,0 days 00:01:44.156000,2021,Russian Grand Prix,False
14,F ALONSO,Alpine,6.0,0 days 00:01:47.877000,0 days 00:01:45.514000,0 days 00:01:44.204000,2021,Russian Grand Prix,False
77,V BOTTAS,Mercedes,7.0,0 days 00:01:46.396000,0 days 00:01:45.306000,0 days 00:01:44.710000,2021,Russian Grand Prix,False
18,L STROLL,Aston Martin,8.0,0 days 00:01:48.322000,0 days 00:01:46.360000,0 days 00:01:44.956000,2021,Russian Grand Prix,False
11,S PEREZ,Red Bull Racing,9.0,0 days 00:01:46.455000,0 days 00:01:45.834000,0 days 00:01:45.337000,2021,Russian Grand Prix,False
31,E OCON,Alpine,10.0,0 days 00:01:48.099000,0 days 00:01:46.070000,0 days 00:01:45.865000,2021,Russian Grand Prix,False
5,S VETTEL,Aston Martin,11.0,0 days 00:01:47.205000,0 days 00:01:46.573000,,2021,Russian Grand Prix,False
10,P GASLY,AlphaTauri,12.0,0 days 00:01:47.828000,0 days 00:01:46.641000,,2021,Russian Grand Prix,False
22,Y TSUNODA,AlphaTauri,13.0,0 days 00:01:48.854000,0 days 00:01:46.751000,,2021,Russian Grand Prix,False
6,N LATIFI,Williams,14.0,0 days 00:01:48.252000,,,2021,Russian Grand Prix,False
16,C LECLERC,Ferrari,15.0,0 days 00:01:48.470000,,,2021,Russian Grand Prix,False
7,K RAIKKONEN,Alfa Romeo Racing,16.0,0 days 00:01:49.586000,,,2021,Russian Grand Prix,False
47,M SCHUMACHER,Haas F1 Team,17.0,0 days 00:01:49.830000,,,2021,Russian Grand Prix,False
99,A GIOVINAZZI,Alfa Romeo Racing,18.0,0 days 00:01:51.023000,,,2021,Russian Grand Prix,False
9,N MAZEPIN,Haas F1 Team,19.0,0 days 00:01:53.764000,,,2021,Russian Grand Prix,False
33,M VERSTAPPEN,Red Bull Racing,20.0,,,,2021,Russian Grand Prix,False
44,L HAMILTON,Mercedes,1.0,0 days 00:01:24.585000,0 days 00:01:23.082000,0 days 00:01:22.868000,2021,Turkish Grand Prix,False
77,V BOTTAS,Mercedes,2.0,0 days 00:01:25.047000,0 days 00:01:23.579000,0 days 00:01:22.998000,2021,Turkish Grand Prix,False
33,M VERSTAPPEN,Red Bull Racing,3.0,0 days 00:01:24.592000,0 days 00:01:23.732000,0 days 00:01:23.196000,2021,Turkish Grand Prix,False
16,C LECLERC,Ferrari,4.0,0 days 00:01:24.869000,0 days 00:01:24.015000,0 days 00:01:23.265000,2021,Turkish Grand Prix,False
10,P GASLY,AlphaTauri,5.0,0 days 00:01:24.704000,0 days 00:01:23.817000,0 days 00:01:23.326000,2021,Turkish Grand Prix,False
14,F ALONSO,Alpine,6.0,0 days 00:01:25.174000,0 days 00:01:23.914000,0 days 00:01:23.477000,2021,Turkish Grand Prix,False
11,S PEREZ,Red Bull Racing,7.0,0 days 00:01:24.963000,0 days 00:01:23.961000,0 days 00:01:23.706000,2021,Turkish Grand Prix,False
4,L NORRIS,McLaren,8.0,0 days 00:01:25.138000,0 days 00:01:24.642000,0 days 00:01:23.954000,2021,Turkish Grand Prix,False
18,L STROLL,Aston Martin,9.0,0 days 00:01:25.511000,0 days 00:01:24.601000,0 days 00:01:24.305000,2021,Turkish Grand Prix,False
22,Y TSUNODA,AlphaTauri,10.0,0 days 00:01:25.409000,0 days 00:01:24.054000,0 days 00:01:24.368000,2021,Turkish Grand Prix,False
5,S VETTEL,Aston Martin,11.0,0 days 00:01:25.787000,0 days 00:01:24.795000,,2021,Turkish Grand Prix,False
31,E OCON,Alpine,12.0,0 days 00:01:25.422000,0 days 00:01:24.842000,,2021,Turkish Grand Prix,False
63,G RUSSELL,Williams,13.0,0 days 00:01:25.417000,0 days 00:01:25.007000,,2021,Turkish Grand Prix,False
47,M SCHUMACHER,Haas F1 Team,14.0,0 days 00:01:25.555000,0 days 00:01:25.200000,,2021,Turkish Grand Prix,False
55,C SAINZ,Ferrari,15.0,0 days 00:01:25.177000,,,2021,Turkish Grand Prix,False
3,D RICCIARDO,McLaren,16.0,0 days 00:01:25.881000,,,2021,Turkish Grand Prix,False
6,N LATIFI,Williams,17.0,0 days 00:01:26.086000,,,2021,Turkish Grand Prix,False
99,A GIOVINAZZI,Alfa Romeo Racing,18.0,0 days 00:01:26.430000,,,2021,Turkish Grand Prix,False
7,K RAIKKONEN,Alfa Romeo Racing,19.0,0 days 00:01:27.525000,,,2021,Turkish Grand Prix,False
9,N MAZEPIN,Haas F1 Team,20.0,0 days 00:01:28.449000,,,2021,Turkish Grand Prix,False
33,M VERSTAPPEN,Red Bull Racing,1.0,0 days 00:01:34.352000,0 days 00:01:33.464000,0 days 00:01:32.910000,2021,United States Grand Prix,False
44,L HAMILTON,Mercedes,2.0,0 days 00:01:34.579000,0 days 00:01:33.797000,0 days 00:01:33.119000,2021,United States Grand Prix,False
11,S PEREZ,Red Bull Racing,3.0,0 days 00:01:34.369000,0 days 00:01:34.178000,0 days 00:01:33.134000,2021,United States Grand Prix,False
77,V BOTTAS,Mercedes,4.0,0 days 00:01:34.590000,0 days 00:01:33.959000,0 days 00:01:33.475000,2021,United States Grand Prix,False
16,C LECLERC,Ferrari,5.0,0 days 00:01:34.153000,0 days 00:01:33.928000,0 days 00:01:33.606000,2021,United States Grand Prix,False
55,C SAINZ,Ferrari,6.0,0 days 00:01:34.558000,0 days 00:01:34.126000,0 days 00:01:33.792000,2021,United States Grand Prix,False
3,D RICCIARDO,McLaren,7.0,0 days 00:01:34.407000,0 days 00:01:34.643000,0 days 00:01:33.808000,2021,United States Grand Prix,False
4,L NORRIS,McLaren,8.0,0 days 00:01:34.551000,0 days 00:01:33.880000,0 days 00:01:33.887000,2021,United States Grand Prix,False
10,P GASLY,AlphaTauri,9.0,0 days 00:01:34.567000,0 days 00:01:34.583000,0 days 00:01:34.118000,2021,United States Grand Prix,False
22,Y TSUNODA,AlphaTauri,10.0,0 days 00:01:35.360000,0 days 00:01:35.137000,0 days 00:01:34.918000,2021,United States Grand Prix,False
31,E OCON,Alpine,11.0,0 days 00:01:35.747000,0 days 00:01:35.377000,,2021,United States Grand Prix,False
5,S VETTEL,Aston Martin,12.0,0 days 00:01:35.281000,0 days 00:01:35.500000,,2021,United States Grand Prix,False
99,A GIOVINAZZI,Alfa Romeo Racing,13.0,0 days 00:01:35.920000,0 days 00:01:35.794000,,2021,United States Grand Prix,False
14,F ALONSO,Alpine,14.0,0 days 00:01:35.756000,0 days 00:01:44.549000,,2021,United States Grand Prix,False
63,G RUSSELL,Williams,15.0,0 days 00:01:35.746000,,,2021,United States Grand Prix,False
18,L STROLL,Aston Martin,16.0,0 days 00:01:35.983000,,,2021,United States Grand Prix,False
6,N LATIFI,Williams,17.0,0 days 00:01:35.995000,,,2021,United States Grand Prix,False
7,K RAIKKONEN,Alfa Romeo Racing,18.0,0 days 00:01:36.311000,,,2021,United States Grand Prix,False
47,M SCHUMACHER,Haas F1 Team,19.0,0 days 00:01:36.499000,,,2021,United States Grand Prix,False
9,N MAZEPIN,Haas F1 Team,20.0,0 days 00:01:36.796000,,,2021,United States Grand Prix,False
77,V BOTTAS,Mercedes,1.0,0 days 00:01:16.727000,0 days 00:01:16.864000,0 days 00:01:15.875000,2021,Mexico City Grand Prix,False
44,L HAMILTON,Mercedes,2.0,0 days 00:01:17.207000,0 days 00:01:16.474000,0 days 00:01:16.020000,2021,Mexico City Grand Prix,False
33,M VERSTAPPEN,Red Bull Racing,3.0,0 days 00:01:16.788000,0 days 00:01:16.483000,0 days 00:01:16.225000,2021,Mexico City Grand Prix,False
11,S PEREZ,Red Bull Racing,4.0,0 days 00:01:17.003000,0 days 00:01:17.055000,0 days 00:01:16.342000,2021,Mexico City Grand Prix,False
10,P GASLY,AlphaTauri,5.0,0 days 00:01:16.908000,0 days 00:01:16.955000,0 days 00:01:16.456000,2021,Mexico City Grand Prix,False
55,C SAINZ,Ferrari,6.0,0 days 00:01:17.517000,0 days 00:01:17.248000,0 days 00:01:16.761000,2021,Mexico City Grand Prix,False
3,D RICCIARDO,McLaren,7.0,0 days 00:01:17.719000,0 days 00:01:17.092000,0 days 00:01:16.763000,2021,Mexico City Grand Prix,False
16,C LECLERC,Ferrari,8.0,0 days 00:01:16.748000,0 days 00:01:17.034000,0 days 00:01:16.837000,2021,Mexico City Grand Prix,False
22,Y TSUNODA,AlphaTauri,9.0,0 days 00:01:17.330000,0 days 00:01:16.701000,0 days 00:01:17.158000,2021,Mexico City Grand Prix,False
4,L NORRIS,McLaren,10.0,0 days 00:01:17.569000,0 days 00:01:17.473000,0 days 00:01:36.830000,2021,Mexico City Grand Prix,False
5,S VETTEL,Aston Martin,11.0,0 days 00:01:17.502000,0 days 00:01:17.746000,,2021,Mexico City Grand Prix,False
7,K RAIKKONEN,Alfa Romeo Racing,12.0,0 days 00:01:17.606000,0 days 00:01:17.958000,,2021,Mexico City Grand Prix,False
63,G RUSSELL,Williams,13.0,0 days 00:01:17.958000,0 days 00:01:18.172000,,2021,Mexico City Grand Prix,False
99,A GIOVINAZZI,Alfa Romeo Racing,14.0,0 days 00:01:17.897000,0 days 00:01:18.290000,,2021,Mexico City Grand Prix,False
31,E OCON,Alpine,15.0,0 days 00:01:18.126000,0 days 00:01:18.405000,,2021,Mexico City Grand Prix,False
14,F ALONSO,Alpine,16.0,0 days 00:01:18.452000,,,2021,Mexico City Grand Prix,False
6,N LATIFI,Williams,17.0,0 days 00:01:18.756000,,,2021,Mexico City Grand Prix,False
47,M SCHUMACHER,Haas F1 Team,18.0,0 days 00:01:18.858000,,,2021,Mexico City Grand Prix,False
9,N MAZEPIN,Haas F1 Team,19.0,0 days 00:01:19.303000,,,2021,Mexico City Grand Prix,False
18,L STROLL,Aston Martin,20.0,0 days 00:01:20.873000,,,2021,Mexico City Grand Prix,False
44,L HAMILTON,Mercedes,1.0,0 days 00:01:08.733000,0 days 00:01:08.068000,0 days 00:01:07.934000,2021,São Paulo Grand Prix,False
33,M VERSTAPPEN,Red Bull Racing,2.0,0 days 00:01:09.329000,0 days 00:01:08.499000,0 days 00:01:08.372000,2021,São Paulo Grand Prix,False
77,V BOTTAS,Mercedes,3.0,0 days 00:01:09.040000,0 days 00:01:08.426000,0 days 00:01:08.469000,2021,São Paulo Grand Prix,False
11,S PEREZ,Red Bull Racing,4.0,0 days 00:01:09.172000,0 days 00:01:08.973000,0 days 00:01:08.483000,2021,São Paulo Grand Prix,False
10,P GASLY,AlphaTauri,5.0,0 days 00:01:09.347000,0 days 00:01:08.903000,0 days 00:01:08.777000,2021,São Paulo Grand Prix,False
55,C SAINZ,Ferrari,6.0,0 days 00:01:09.046000,0 days 00:01:09.031000,0 days 00:01:08.826000,2021,São Paulo Grand Prix,False
16,C LECLERC,Ferrari,7.0,0 days 00:01:09.155000,0 days 00:01:08.859000,0 days 00:01:08.960000,2021,São Paulo Grand Prix,False
4,L NORRIS,McLaren,8.0,0 days 00:01:09.365000,0 days 00:01:09.030000,0 days 00:01:08.980000,2021,São Paulo Grand Prix,False
3,D RICCIARDO,McLaren,9.0,0 days 00:01:09.374000,0 days 00:01:09.093000,0 days 00:01:09.039000,2021,São Paulo Grand Prix,False
14,F ALONSO,Alpine,10.0,0 days 00:01:09.391000,0 days 00:01:09.137000,0 days 00:01:09.113000,2021,São Paulo Grand Prix,False
31,E OCON,Alpine,11.0,0 days 00:01:09.430000,0 days 00:01:09.189000,,2021,São Paulo Grand Prix,False
5,S VETTEL,Aston Martin,12.0,0 days 00:01:09.451000,0 days 00:01:09.399000,,2021,São Paulo Grand Prix,False
22,Y TSUNODA,AlphaTauri,13.0,0 days 00:01:09.350000,0 days 00:01:09.483000,,2021,São Paulo Grand Prix,False
7,K RAIKKONEN,Alfa Romeo Racing,14.0,0 days 00:01:09.598000,0 days 00:01:09.503000,,2021,São Paulo Grand Prix,False
99,A GIOVINAZZI,Alfa Romeo Racing,15.0,0 days 00:01:09.342000,0 days 00:01:10.227000,,2021,São Paulo Grand Prix,False
18,L STROLL,Aston Martin,16.0,0 days 00:01:09.663000,,,2021,São Paulo Grand Prix,False
6,N LATIFI,Williams,17.0,0 days 00:01:09.897000,,,2021,São Paulo Grand Prix,False
63,G RUSSELL,Williams,18.0,0 days 00:01:09.953000,,,2021,São Paulo Grand Prix,False
47,M SCHUMACHER,Haas F1 Team,19.0,0 days 00:01:10.329000,,,2021,São Paulo Grand Prix,False
9,N MAZEPIN,Haas F1 Team,20.0,0 days 00:01:10.589000,,,2021,São Paulo Grand Prix,False
44,L HAMILTON,Mercedes,1.0,0 days 00:01:21.901000,0 days 00:01:21.682000,0 days 00:01:20.827000,2021,Qatar Grand Prix,False
33,M VERSTAPPEN,Red Bull Racing,2.0,0 days 00:01:21.996000,0 days 00:01:21.984000,0 days 00:01:21.282000,2021,Qatar Grand Prix,False
77,V BOTTAS,Mercedes,3.0,0 days 00:01:22.016000,0 days 00:01:21.991000,0 days 00:01:21.478000,2021,Qatar Grand Prix,False
10,P GASLY,AlphaTauri,4.0,0 days 00:01:22.535000,0 days 00:01:21.728000,0 days 00:01:21.640000,2021,Qatar Grand Prix,False
14,F ALONSO,Alpine,5.0,0 days 00:01:22.422000,0 days 00:01:21.894000,0 days 00:01:21.670000,2021,Qatar Grand Prix,False
4,L NORRIS,McLaren,6.0,0 days 00:01:22.839000,0 days 00:01:22.216000,0 days 00:01:21.731000,2021,Qatar Grand Prix,False
55,C SAINZ,Ferrari,7.0,0 days 00:01:22.304000,0 days 00:01:22.241000,0 days 00:01:21.840000,2021,Qatar Grand Prix,False
22,Y TSUNODA,AlphaTauri,8.0,0 days 00:01:22.458000,0 days 00:01:22.058000,0 days 00:01:21.881000,2021,Qatar Grand Prix,False
31,E OCON,Alpine,9.0,0 days 00:01:22.565000,0 days 00:01:22.012000,0 days 00:01:22.028000,2021,Qatar Grand Prix,False
5,S VETTEL,Aston Martin,10.0,0 days 00:01:22.549000,0 days 00:01:22.146000,0 days 00:01:22.785000,2021,Qatar Grand Prix,False
11,S PEREZ,Red Bull Racing,11.0,0 days 00:01:22.398000,0 days 00:01:22.346000,,2021,Qatar Grand Prix,False
18,L STROLL,Aston Martin,12.0,0 days 00:01:22.551000,0 days 00:01:22.460000,,2021,Qatar Grand Prix,False
16,C LECLERC,Ferrari,13.0,0 days 00:01:22.742000,0 days 00:01:22.463000,,2021,Qatar Grand Prix,False
3,D RICCIARDO,McLaren,14.0,0 days 00:01:22.688000,0 days 00:01:22.597000,,2021,Qatar Grand Prix,False
63,G RUSSELL,Williams,15.0,0 days 00:01:22.863000,0 days 00:01:22.756000,,2021,Qatar Grand Prix,False
7,K RAIKKONEN,Alfa Romeo Racing,16.0,0 days 00:01:23.156000,,,2021,Qatar Grand Prix,False
6,N LATIFI,Williams,17.0,0 days 00:01:23.213000,,,2021,Qatar Grand Prix,False
99,A GIOVINAZZI,Alfa Romeo Racing,18.0,0 days 00:01:23.262000,,,2021,Qatar Grand Prix,False
47,M SCHUMACHER,Haas F1 Team,19.0,0 days 00:01:23.407000,,,2021,Qatar Grand Prix,False
9,N MAZEPIN,Haas F1 Team,20.0,0 days 00:01:25.859000,,,2021,Qatar Grand Prix,False
44,L HAMILTON,Mercedes,1.0,0 days 00:01:28.466000,0 days 00:01:27.712000,0 days 00:01:27.511000,2021,Saudi Arabian Grand Prix,False
77,V BOTTAS,Mercedes,2.0,0 days 00:01:28.057000,0 days 00:01:28.054000,0 days 00:01:27.622000,2021,Saudi Arabian Grand Prix,False
33,M VERSTAPPEN,Red Bull Racing,3.0,0 days 00:01:28.285000,0 days 00:01:27.953000,0 days 00:01:27.653000,2021,Saudi Arabian Grand Prix,False
16,C LECLERC,Ferrari,4.0,0 days 00:01:28.310000,0 days 00:01:28.459000,0 days 00:01:28.054000,2021,Saudi Arabian Grand Prix,False
11,S PEREZ,Red Bull Racing,5.0,0 days 00:01:28.021000,0 days 00:01:27.946000,0 days 00:01:28.123000,2021,Saudi Arabian Grand Prix,False
10,P GASLY,AlphaTauri,6.0,0 days 00:01:28.401000,0 days 00:01:28.314000,0 days 00:01:28.125000,2021,Saudi Arabian Grand Prix,False
4,L NORRIS,McLaren,7.0,0 days 00:01:28.338000,0 days 00:01:28.344000,0 days 00:01:28.180000,2021,Saudi Arabian Grand Prix,False
22,Y TSUNODA,AlphaTauri,8.0,0 days 00:01:28.503000,0 days 00:01:28.222000,0 days 00:01:28.442000,2021,Saudi Arabian Grand Prix,False
31,E OCON,Alpine,9.0,0 days 00:01:28.752000,0 days 00:01:28.574000,0 days 00:01:28.647000,2021,Saudi Arabian Grand Prix,False
99,A GIOVINAZZI,Alfa Romeo Racing,10.0,0 days 00:01:28.899000,0 days 00:01:28.616000,0 days 00:01:28.754000,2021,Saudi Arabian Grand Prix,False
3,D RICCIARDO,McLaren,11.0,0 days 00:01:28.216000,0 days 00:01:28.668000,,2021,Saudi Arabian Grand Prix,False
7,K RAIKKONEN,Alfa Romeo Racing,12.0,0 days 00:01:28.856000,0 days 00:01:28.885000,,2021,Saudi Arabian Grand Prix,False
14,F ALONSO,Alpine,13.0,0 days 00:01:28.944000,0 days 00:01:28.920000,,2021,Saudi Arabian Grand Prix,False
63,G RUSSELL,Williams,14.0,0 days 00:01:28.926000,0 days 00:01:29.054000,,2021,Saudi Arabian Grand Prix,False
55,C SAINZ,Ferrari,15.0,0 days 00:01:28.237000,0 days 00:01:53.652000,,2021,Saudi Arabian Grand Prix,False
6,N LATIFI,Williams,16.0,0 days 00:01:29.177000,,,2021,Saudi Arabian Grand Prix,False
5,S VETTEL,Aston Martin,17.0,0 days 00:01:29.198000,,,2021,Saudi Arabian Grand Prix,False
18,L STROLL,Aston Martin,18.0,0 days 00:01:29.368000,,,2021,Saudi Arabian Grand Prix,False
47,M SCHUMACHER,Haas F1 Team,19.0,0 days 00:01:29.464000,,,2021,Saudi Arabian Grand Prix,False
9,N MAZEPIN,Haas F1 Team,20.0,0 days 00:01:30.473000,,,2021,Saudi Arabian Grand Prix,False
33,M VERSTAPPEN,Red Bull Racing,1.0,0 days 00:01:23.322000,0 days 00:01:22.800000,0 days 00:01:22.109000,2021,Abu Dhabi Grand Prix,False
44,L HAMILTON,Mercedes,2.0,0 days 00:01:22.845000,0 days 00:01:23.145000,0 days 00:01:22.480000,2021,Abu Dhabi Grand Prix,False
4,L NORRIS,McLaren,3.0,0 days 00:01:23.553000,0 days 00:01:23.256000,0 days 00:01:22.931000,2021,Abu Dhabi Grand Prix,False
11,S PEREZ,Red Bull Racing,4.0,0 days 00:01:23.350000,0 days 00:01:23.135000,0 days 00:01:22.947000,2021,Abu Dhabi Grand Prix,False
55,C SAINZ,Ferrari,5.0,0 days 00:01:23.624000,0 days 00:01:23.174000,0 days 00:01:22.992000,2021,Abu Dhabi Grand Prix,False
77,V BOTTAS,Mercedes,6.0,0 days 00:01:23.117000,0 days 00:01:23.246000,0 days 00:01:23.036000,2021,Abu Dhabi Grand Prix,False
16,C LECLERC,Ferrari,7.0,0 days 00:01:23.467000,0 days 00:01:23.202000,0 days 00:01:23.122000,2021,Abu Dhabi Grand Prix,False
22,Y TSUNODA,AlphaTauri,8.0,0 days 00:01:23.428000,0 days 00:01:23.404000,0 days 00:01:23.220000,2021,Abu Dhabi Grand Prix,False
31,E OCON,Alpine,9.0,0 days 00:01:23.764000,0 days 00:01:23.420000,0 days 00:01:23.389000,2021,Abu Dhabi Grand Prix,False
3,D RICCIARDO,McLaren,10.0,0 days 00:01:23.829000,0 days 00:01:23.448000,0 days 00:01:23.409000,2021,Abu Dhabi Grand Prix,False
14,F ALONSO,Alpine,11.0,0 days 00:01:23.846000,0 days 00:01:23.460000,,2021,Abu Dhabi Grand Prix,False
10,P GASLY,AlphaTauri,12.0,0 days 00:01:23.489000,0 days 00:01:24.043000,,2021,Abu Dhabi Grand Prix,False
18,L STROLL,Aston Martin,13.0,0 days 00:01:24.061000,0 days 00:01:24.066000,,2021,Abu Dhabi Grand Prix,False
99,A GIOVINAZZI,Alfa Romeo Racing,14.0,0 days 00:01:24.118000,0 days 00:01:24.251000,,2021,Abu Dhabi Grand Prix,False
5,S VETTEL,Aston Martin,15.0,0 days 00:01:24.225000,0 days 00:01:24.305000,,2021,Abu Dhabi Grand Prix,False
6,N LATIFI,Williams,16.0,0 days 00:01:24.338000,,,2021,Abu Dhabi Grand Prix,False
63,G RUSSELL,Williams,17.0,0 days 00:01:24.423000,,,2021,Abu Dhabi Grand Prix,False
7,K RAIKKONEN,Alfa Romeo Racing,18.0,0 days 00:01:24.779000,,,2021,Abu Dhabi Grand Prix,False
47,M SCHUMACHER,Haas F1 Team,19.0,0 days 00:01:24.906000,,,2021,Abu Dhabi Grand Prix,False
9,N MAZEPIN,Haas F1 Team,20.0,0 days 00:01:25.685000,,,2021,Abu Dhabi Grand Prix,False
